"","algorithm","type","filesize","media_time_elapsed","desv_pad_time_elapsed","media_time_allocation","desv_pad_time_allocation","media_time_algorithm","desv_pad_time_algorithm","media_time_ioops","desv_pad_time_ioops"
"1","AES","GPU",0.52,0.1553244,0.00181085051840288,0.1416599,0.00166316014128392,0.0109586,1.99399097289829e-05,0.0027059,0.000162974060649063
"2","AES","GPU",12.91,1.7836039,0.830484569667272,0.3258143,0.00130183785045946,0.8528034,0.760003360852686,0.6049861,0.918907869173866
"3","AES","GPU",32.16,2.2517181,0.419966792399232,0.7711791,0.32545182173282,1.3498965,0.000120565565380646,0.1306421,0.134671092723016
"4","AES","GPU",40.85,3.0915964,0.672490470486832,1.2554526,0.00314031368567605,1.0354311,0.183028961247151,0.8007127,0.853406997623584
"5","AES","SEQ",0.52,0.3668141,0.60550049664636,0.0078128,0.000776367581898048,0.1462924,0.00214110886121084,0.212709,0.605631806717396
"6","AES","SEQ",12.91,4.7417032,0.668168955054001,0.8349583,0.845259087915001,3.8921303,0.349812262967835,0.0146144,0.00010714496929135
"7","AES","SEQ",32.16,10.2297192,0.601485522572941,1.1105689,0.570618661180311,9.0804549,0.0703911210222332,0.0386955,0.0011157679219065
"8","AES","SEQ",40.85,13.1034916,0.283343850417827,1.1430375,0.402643091501711,11.9077115,0.59903343569551,0.0527425,0.000434698937963582
