"","algorithm","type","filesize","media","desv_pad"
"1","AES","GPU",0.52,0.081007,0.00613102348715123
"2","AES","GPU",12.91,1.95655333333333,0.189251387845198
"3","AES","GPU",32.16,2.25474433333333,0.453306589870844
"4","AES","GPU",40.85,3.56458366666667,0.970380181256982
"5","AES","SEQ",0.52,1.35618233333333,1.03738124261832
"6","AES","SEQ",12.91,4.54055266666667,0.15842538855983
"7","AES","SEQ",32.16,11.1827713333333,0.0904543741359882
"8","AES","SEQ",40.85,12.8528386666667,0.0496083023327074
