"","algorithm","type","filesize","media","desv_pad"
"1","DES","GPU",0.52,0.645272256,0.0862650239836473
"2","DES","GPU",12.91,5.5119433222,0.00475861184840838
"3","DES","GPU",32.16,13.487896785,0.00662622256237088
"4","DES","GPU",40.85,17.0979827796,0.00590926700697817
"5","DES","SEQ",0.52,0.6769933106,0.0120794011099069
"6","DES","SEQ",12.91,16.9514960263,2.01271434186843
"7","DES","SEQ",32.16,40.6622447279,0.171793265295575
"8","DES","SEQ",40.85,51.7389971938,0.383709248947691
