"","algorithm","type","filesize","media","desv_pad"
"1","DES","GPU",0.52,0.205281333333333,0.00174345671966165
"2","DES","GPU",12.91,5.300415,0.00512881945480625
"3","DES","SEQ",0.52,1.30241066666667,0.0277443223801436
"4","DES","SEQ",12.91,18.5816603333333,1.08768256231785
