"","algorithm","type","filesize","media_time_elapsed","desv_pad_time_elapsed","media_time_allocation","desv_pad_time_allocation","media_time_algorithm","desv_pad_time_algorithm","media_time_ioops","desv_pad_time_ioops"
"1","DES","GPU",0.52,1.0127258,0.853331333812866,0.4844522,0.724551017476156,0.524558,0.667843195974757,0.0037157,7.29932264741813e-05
"2","DES","GPU",12.91,6.2375798,0.808435368421386,0.7311705,0.652969703418203,5.475609,0.735025793429198,0.0308001,0.000304615039389427
"3","DES","GPU",32.16,14.4434508,0.692929172808335,0.9990895,0.410830938113978,13.1819317,0.14592343230997,0.2624298,0.583094267550244
"4","DES","GPU",40.85,17.9117504,0.545820381739309,1.1526092,0.217453497402599,16.5292483,0.656577314177436,0.2298931,0.402153446356114
"5","DES","SEQ",0.52,1.1469744,0.345107994782374,0.0076981,0.000202523222262425,1.136688,0.345033080062059,0.0025881,0.000110521440856012
"6","DES","SEQ",12.91,16.4531203,0.447890902317381,0.3473752,0.516068995253068,16.091164,0.0823414156154455,0.0145812,0.000212296857149501
"7","DES","SEQ",32.16,41.4913468,0.883110567118398,0.8915595,0.559640362711477,40.3689286,1.01823747998056,0.2308591,0.608129713941296
"8","DES","SEQ",40.85,52.1436748,0.889483600363193,1.2508746,0.351911119174272,50.695104,0.825491839136457,0.1976961,0.396882264449757
