"","algorithm","type","filesize","media","desv_pad"
"1","ROT-13","GPU",0.81,0.933600333333333,0.334702078317917
"2","ROT-13","GPU",1.58,0.070936,0.000576236930437471
"3","ROT-13","GPU",4.45,0.713828,1.02714772188279
"4","ROT-13","GPU",8.9,0.218192,0.0314444124289197
"5","ROT-13","SEQ",0.81,0.948091333333333,0.196314963977108
"6","ROT-13","SEQ",1.58,0.716038333333333,1.09576963398167
"7","ROT-13","SEQ",4.45,0.810402666666667,1.06897619686143
"8","ROT-13","SEQ",8.9,0.384486666666667,0.00194150208172266
