"","algorithm","type","filesize","media","desv_pad"
"1","ROT13","GPU",0.81,0.188569811,0.0306263606444877
"2","ROT13","GPU",1.58,0.1905326912,0.00129345070088382
"3","ROT13","GPU",4.45,0.2468461163,0.00233693361356886
"4","ROT13","GPU",8.9,0.3448150737,0.0315408583195049
"5","ROT13","SEQ",0.81,0.1493911135,0.291677922583561
"6","ROT13","SEQ",1.58,0.0778572169,0.00262906639574518
"7","ROT13","SEQ",4.45,0.2078869122,0.0343090261750303
"8","ROT13","SEQ",8.9,0.4281897443,0.079580558713749
