"","algorithm","type","filesize","media_time_elapsed","desv_pad_time_elapsed","media_time_allocation","desv_pad_time_allocation","media_time_algorithm","desv_pad_time_algorithm","media_time_ioops","desv_pad_time_ioops"
"1","ROT-13","GPU",0.81,0.4917789,0.721553428607635,0.4864166,0.721552139363038,0.0025289,4.82227470529555e-05,0.0028332,8.29026202507765e-05
"2","ROT-13","GPU",1.58,0.49921895,0.691965447786724,0.4929778,0.691974355169901,0.0044405,5.98247440445842e-05,0.0018004,9.98906770846061e-05
"3","ROT-13","GPU",4.45,0.5339293,0.675511764354018,0.5191329,0.675417591586856,0.010032,6.87959947154548e-05,0.0047641,0.000202938660683469
"4","ROT-13","GPU",8.9,0.7338515,0.711136756018489,0.7056434,0.71111542157596,0.0187342,0.000103312686109263,0.0094738,0.000149996148098691
"5","ROT-13","SEQ",0.81,0.2589341,0.616289762064071,0.0137491,0.00597419961073355,0.2208704,0.616770940330579,0.0243148,0.00832616807687933
"6","ROT-13","SEQ",1.58,0.26343465,0.586534211971545,0.02381555,0.00134403091580201,0.2377599,0.586607562304414,0.00185925,9.26623042643498e-05
"7","ROT-13","SEQ",4.45,0.5507761,0.766937450950996,0.2512198,0.591946861677784,0.2947092,0.557561534434202,0.0048473,0.000294024205352779
"8","ROT-13","SEQ",8.9,0.8547605,0.773973592376847,0.3025783,0.551950281448137,0.5427137,0.643245693062586,0.0094683,0.000243250236953179
