"","algorithm","type","filesize","media","desv_pad"
"1","ROT13","GPU",0.81,0.1775078362,0.00252738304271996
"2","ROT13","GPU",1.58,0.1915913805,0.00123527679703343
"3","ROT13","GPU",4.45,0.2471810147,0.00195451081481884
"4","ROT13","GPU",8.9,0.331922026,0.00275135055443209
"5","ROT13","SEQ",0.81,0.0562513296,0.00823811324545287
"6","ROT13","SEQ",1.58,0.132098154,0.174511428933413
"7","ROT13","SEQ",4.45,0.197242598,0.00958523773562802
"8","ROT13","SEQ",8.9,0.3877318993,0.012220719455008
